{
  "project_info": {
    "project_number": "450439515384",
    "project_id": "fall-detection-8a454",
    "storage_bucket": "fall-detection-8a454.appspot.com"
  },
  "client": [
    {
      "client_info": {
        "mobilesdk_app_id": "1:450439515384:android:c8209ff4a8cd96087aff0d",
        "android_client_info": {
          "package_name": "com.example.falldetection"
        }
      },
      "oauth_client": [
        {
          "client_id": "450439515384-7q0o0f2vp8sdtdaka19lui4arje3blc1.apps.googleusercontent.com",
          "client_type": 3
        }
      ],
      "api_key": [
        {
          "current_key": "AIzaSyCxP_En71qA-CKYciKqamdV_TAPG0zVFXA"
        }
      ],
      "services": {
        "appinvite_service": {
          "other_platform_oauth_client": [
            {
              "client_id": "450439515384-7q0o0f2vp8sdtdaka19lui4arje3blc1.apps.googleusercontent.com",
              "client_type": 3
            }
          ]
        }
      }
    }
  ],
  "configuration_version": "1"
}